index,lang_id
2,tsn
3,nbl
4,ven
5,ssw
6,afr
7,nso
8,eng
9,sot
10,zul
11,eng
12,nso
13,tso
14,tsn
15,sot
16,tso
17,xho
18,xho
19,ssw
20,afr
21,ven
22,afr
23,ven
24,zul
25,afr
26,nso
27,zul
28,ven
29,afr
30,nso
31,tso
32,zul
33,xho
34,sot
35,nso
36,ssw
37,afr
38,nso
39,xho
40,sot
41,eng
42,zul
43,ssw
44,ven
45,nbl
46,afr
47,ven
48,zul
49,ven
50,nbl
51,tsn
52,sot
53,xho
54,sot
55,sot
56,zul
57,ven
58,nbl
59,xho
60,ssw
61,sot
62,afr
63,tso
64,afr
65,zul
66,xho
67,ven
68,sot
69,nso
70,nso
71,zul
72,tsn
73,tso
74,xho
75,nso
76,eng
77,ven
78,nbl
79,tso
80,xho
81,ssw
82,tsn
83,nso
84,xho
85,tsn
86,tso
87,nso
88,sot
89,tso
90,tso
91,xho
92,ssw
93,xho
94,zul
95,sot
96,ssw
97,nso
98,afr
99,ssw
100,ven
101,nbl
102,afr
103,tso
104,nso
105,zul
106,ven
107,ven
108,tsn
109,nso
110,sot
111,sot
112,xho
113,zul
114,xho
115,tso
116,zul
117,sot
118,afr
119,tsn
120,eng
121,eng
122,sot
123,eng
124,nbl
125,tso
126,nso
127,afr
128,ven
129,tso
130,tso
131,tsn
132,tso
133,ven
134,zul
135,sot
136,tsn
137,ssw
138,xho
139,sot
140,ssw
141,afr
142,sot
143,tsn
144,nbl
145,nso
146,nbl
147,ven
148,nso
149,sot
150,xho
151,ven
152,nso
153,xho
154,xho
155,tsn
156,sot
157,ven
158,ven
159,tsn
160,eng
161,sot
162,zul
163,tso
164,nso
165,xho
166,tsn
167,sot
168,xho
169,ssw
170,eng
171,nbl
172,xho
173,nso
174,xho
175,afr
176,tso
177,nso
178,afr
179,xho
180,tso
181,xho
182,nso
183,nso
184,ssw
185,ssw
186,sot
187,tsn
188,zul
189,nbl
190,zul
191,nbl
192,xho
193,tso
194,sot
195,afr
196,zul
197,nso
198,sot
199,nbl
200,xho
201,eng
202,nso
203,afr
204,nbl
205,ven
206,nbl
207,afr
208,xho
209,ven
210,tsn
211,ssw
212,zul
213,tso
214,afr
215,nbl
216,ven
217,afr
218,afr
219,tso
220,afr
221,eng
222,tso
223,ven
224,afr
225,eng
226,eng
227,tsn
228,nso
229,eng
230,xho
231,nso
232,nbl
233,ven
234,ven
235,sot
236,xho
237,xho
238,sot
239,tso
240,sot
241,nso
242,afr
243,afr
244,ssw
245,nbl
246,ssw
247,nso
248,nso
249,nso
250,nbl
251,ssw
252,zul
253,sot
254,sot
255,afr
256,nbl
257,zul
258,nso
259,tsn
260,eng
261,tsn
262,zul
263,tso
264,nbl
265,sot
266,nbl
267,xho
268,ven
269,ssw
270,zul
271,afr
272,nso
273,afr
274,ssw
275,nso
276,ven
277,sot
278,ven
279,nso
280,sot
281,ssw
282,xho
283,nso
284,zul
285,nbl
286,eng
287,nbl
288,nso
289,zul
290,xho
291,sot
292,nso
293,nso
294,tso
295,nso
296,tsn
297,xho
298,nso
299,nso
300,zul
301,sot
302,zul
303,afr
304,xho
305,ven
306,nso
307,eng
308,nso
309,sot
310,ven
311,xho
312,ssw
313,zul
314,tso
315,xho
316,afr
317,nso
318,afr
319,nso
320,ven
321,ven
322,ven
323,xho
324,sot
325,nso
326,xho
327,afr
328,xho
329,tsn
330,ven
331,afr
332,nbl
333,xho
334,ssw
335,ssw
336,sot
337,afr
338,afr
339,ven
340,tso
341,sot
342,nso
343,ssw
344,xho
345,ven
346,tso
347,tsn
348,tso
349,tso
350,xho
351,afr
352,xho
353,afr
354,nso
355,nso
356,sot
357,ssw
358,ven
359,nso
360,nso
361,zul
362,afr
363,tso
364,nso
365,tso
366,tso
367,xho
368,zul
369,xho
370,eng
371,afr
372,nbl
373,afr
374,ven
375,xho
376,ven
377,tsn
378,nso
379,zul
380,nso
381,nso
382,tso
383,tsn
384,xho
385,tsn
386,afr
387,tsn
388,xho
389,sot
390,zul
391,sot
392,nso
393,afr
394,ven
395,nso
396,nbl
397,nso
398,xho
399,sot
400,afr
401,ssw
402,sot
403,tso
404,nso
405,nso
406,eng
407,nso
408,eng
409,nbl
410,tso
411,zul
412,xho
413,ssw
414,nso
415,nso
416,xho
417,nso
418,xho
419,tso
420,tso
421,tso
422,tsn
423,ven
424,ven
425,xho
426,ven
427,afr
428,sot
429,nbl
430,zul
431,zul
432,nso
433,tso
434,tsn
435,tsn
436,afr
437,ven
438,afr
439,tso
440,eng
441,ven
442,nso
443,xho
444,sot
445,xho
446,ssw
447,xho
448,tso
449,zul
450,tsn
451,nbl
452,ssw
453,ssw
454,ven
455,eng
456,tsn
457,ven
458,tsn
459,afr
460,sot
461,ssw
462,ven
463,afr
464,xho
465,sot
466,ven
467,xho
468,ssw
469,xho
470,zul
471,zul
472,eng
473,xho
474,afr
475,afr
476,nso
477,xho
478,xho
479,nso
480,sot
481,tso
482,zul
483,tso
484,afr
485,nbl
486,nso
487,ssw
488,eng
489,ven
490,nso
491,nso
492,nso
493,nso
494,tsn
495,ven
496,nso
497,ven
498,ven
499,ven
500,zul
501,ven
502,nbl
503,nso
504,nbl
505,tsn
506,nso
507,afr
508,tsn
509,sot
510,afr
511,afr
512,afr
513,nbl
514,eng
515,tsn
516,afr
517,tsn
518,eng
519,tsn
520,tso
521,ven
522,ssw
523,xho
524,ven
525,tsn
526,afr
527,ven
528,nbl
529,xho
530,sot
531,nso
532,nso
533,afr
534,sot
535,tsn
536,tsn
537,tso
538,tsn
539,tso
540,ven
541,xho
542,xho
543,zul
544,tso
545,tso
546,ssw
547,tso
548,xho
549,eng
550,nso
551,tsn
552,tsn
553,eng
554,zul
555,xho
556,ven
557,eng
558,sot
559,ven
560,afr
561,nbl
562,tsn
563,xho
564,afr
565,zul
566,ssw
567,xho
568,xho
569,tsn
570,afr
571,afr
572,eng
573,tsn
574,sot
575,ssw
576,tsn
577,tsn
578,nbl
579,nbl
580,afr
581,ven
582,xho
583,sot
584,xho
585,ven
586,afr
587,ven
588,eng
589,eng
590,afr
591,afr
592,xho
593,sot
594,ven
595,afr
596,nso
597,ven
598,ssw
599,ven
600,ven
601,afr
602,zul
603,afr
604,nso
605,nso
606,tso
607,ven
608,nso
609,afr
610,afr
611,ven
612,tsn
613,sot
614,ssw
615,xho
616,afr
617,tso
618,tsn
619,ven
620,nbl
621,tso
622,tso
623,nbl
624,xho
625,xho
626,nso
627,zul
628,xho
629,ven
630,ven
631,zul
632,nso
633,xho
634,ssw
635,sot
636,afr
637,xho
638,nbl
639,eng
640,sot
641,tsn
642,ven
643,tso
644,tsn
645,tso
646,tsn
647,afr
648,xho
649,tso
650,tso
651,sot
652,afr
653,tsn
654,ven
655,nso
656,ven
657,afr
658,sot
659,sot
660,sot
661,zul
662,xho
663,afr
664,tsn
665,tso
666,ven
667,nbl
668,sot
669,xho
670,sot
671,nbl
672,nso
673,afr
674,tso
675,tsn
676,xho
677,nbl
678,afr
679,afr
680,tsn
681,nso
682,xho
683,xho
684,zul
685,tsn
686,sot
687,xho
688,nbl
689,tso
690,nso
691,tso
692,eng
693,afr
694,nso
695,afr
696,ssw
697,zul
698,tso
699,nso
700,nso
701,ven
702,sot
703,tso
704,nso
705,xho
706,sot
707,tsn
708,xho
709,nso
710,tsn
711,nso
712,sot
713,tsn
714,nbl
715,tso
716,ven
717,sot
718,tso
719,tso
720,afr
721,eng
722,ven
723,afr
724,xho
725,sot
726,nbl
727,tso
728,nso
729,nbl
730,sot
731,tso
732,xho
733,sot
734,sot
735,tsn
736,eng
737,afr
738,ssw
739,eng
740,afr
741,ven
742,afr
743,sot
744,tsn
745,tsn
746,eng
747,tsn
748,ven
749,tso
750,ven
751,zul
752,ssw
753,afr
754,xho
755,tsn
756,eng
757,nso
758,nbl
759,tso
760,tso
761,ssw
762,afr
763,tsn
764,nso
765,ven
766,xho
767,nso
768,nso
769,nso
770,sot
771,ven
772,eng
773,tsn
774,ven
775,afr
776,eng
777,tso
778,tsn
779,ssw
780,afr
781,tsn
782,nbl
783,zul
784,afr
785,nso
786,sot
787,afr
788,xho
789,nso
790,nso
791,tso
792,zul
793,xho
794,nbl
795,tso
796,eng
797,xho
798,tsn
799,xho
800,tsn
801,ssw
802,afr
803,afr
804,nso
805,nso
806,xho
807,tso
808,tsn
809,afr
810,zul
811,xho
812,eng
813,nso
814,zul
815,ven
816,nbl
817,nso
818,xho
819,tsn
820,afr
821,nbl
822,afr
823,ven
824,nso
825,eng
826,nso
827,sot
828,ven
829,nso
830,ven
831,afr
832,nso
833,xho
834,ssw
835,ssw
836,eng
837,nso
838,afr
839,afr
840,tsn
841,nso
842,eng
843,ven
844,sot
845,tsn
846,tsn
847,ven
848,ven
849,xho
850,sot
851,ven
852,tsn
853,zul
854,ven
855,nbl
856,ven
857,sot
858,afr
859,nbl
860,xho
861,afr
862,nbl
863,tsn
864,ven
865,tsn
866,xho
867,xho
868,ssw
869,afr
870,nso
871,ven
872,tsn
873,nbl
874,ven
875,tso
876,nso
877,sot
878,xho
879,afr
880,xho
881,xho
882,afr
883,afr
884,ven
885,nso
886,xho
887,nbl
888,xho
889,nso
890,afr
891,afr
892,sot
893,tsn
894,tso
895,tsn
896,afr
897,sot
898,ven
899,xho
900,eng
901,sot
902,zul
903,xho
904,xho
905,tso
906,sot
907,ven
908,xho
909,xho
910,tso
911,ven
912,nbl
913,eng
914,tso
915,nso
916,nso
917,tsn
918,ven
919,ssw
920,nso
921,ven
922,sot
923,afr
924,ven
925,afr
926,sot
927,ven
928,sot
929,nso
930,afr
931,xho
932,tso
933,tso
934,ven
935,tsn
936,tso
937,xho
938,nbl
939,sot
940,nso
941,tso
942,tso
943,tsn
944,tso
945,tsn
946,nso
947,afr
948,ven
949,nso
950,ven
951,tsn
952,ssw
953,ven
954,sot
955,zul
956,eng
957,sot
958,xho
959,ssw
960,ven
961,ssw
962,nso
963,tso
964,ssw
965,tso
966,afr
967,tsn
968,afr
969,tso
970,tsn
971,zul
972,afr
973,ven
974,nso
975,zul
976,sot
977,nso
978,nso
979,ssw
980,tsn
981,zul
982,tso
983,xho
984,afr
985,afr
986,tso
987,ssw
988,ven
989,nbl
990,afr
991,ven
992,nbl
993,xho
994,tsn
995,ven
996,afr
997,ven
998,nso
999,afr
1000,ssw
1001,afr
1002,xho
1003,tso
1004,tsn
1005,sot
1006,afr
1007,xho
1008,sot
1009,ssw
1010,zul
1011,xho
1012,xho
1013,tsn
1014,ven
1015,xho
1016,afr
1017,tsn
1018,sot
1019,afr
1020,xho
1021,tso
1022,tsn
1023,nso
1024,afr
1025,tso
1026,nbl
1027,afr
1028,sot
1029,afr
1030,ssw
1031,xho
1032,ssw
1033,sot
1034,xho
1035,tso
1036,sot
1037,nso
1038,tso
1039,nso
1040,nso
1041,afr
1042,tso
1043,afr
1044,ssw
1045,nso
1046,tso
1047,afr
1048,xho
1049,tso
1050,sot
1051,ssw
1052,zul
1053,nso
1054,nso
1055,tsn
1056,nso
1057,eng
1058,sot
1059,sot
1060,tsn
1061,ssw
1062,eng
1063,xho
1064,xho
1065,nso
1066,tsn
1067,zul
1068,tso
1069,ssw
1070,nbl
1071,tsn
1072,tsn
1073,sot
1074,tso
1075,eng
1076,tsn
1077,sot
1078,zul
1079,ven
1080,afr
1081,sot
1082,nbl
1083,ven
1084,xho
1085,tsn
1086,zul
1087,sot
1088,ven
1089,tsn
1090,nso
1091,ven
1092,tso
1093,zul
1094,ven
1095,tso
1096,xho
1097,xho
1098,ven
1099,tso
1100,afr
1101,sot
1102,xho
1103,zul
1104,zul
1105,sot
1106,nso
1107,xho
1108,nso
1109,nso
1110,ven
1111,ven
1112,xho
1113,nbl
1114,tso
1115,tso
1116,afr
1117,afr
1118,afr
1119,tso
1120,tsn
1121,ven
1122,nso
1123,tsn
1124,nso
1125,afr
1126,tsn
1127,tso
1128,ven
1129,tso
1130,afr
1131,tso
1132,sot
1133,afr
1134,tso
1135,zul
1136,tsn
1137,xho
1138,tsn
1139,zul
1140,ven
1141,eng
1142,tso
1143,afr
1144,zul
1145,tso
1146,tso
1147,ven
1148,ven
1149,tsn
1150,nso
1151,tsn
1152,ven
1153,xho
1154,nso
1155,xho
1156,tsn
1157,xho
1158,sot
1159,nso
1160,tso
1161,afr
1162,sot
1163,xho
1164,ssw
1165,tso
1166,eng
1167,tso
1168,xho
1169,nbl
1170,tso
1171,xho
1172,tsn
1173,tsn
1174,eng
1175,nbl
1176,eng
1177,ssw
1178,nso
1179,nbl
1180,eng
1181,zul
1182,ven
1183,nso
1184,nso
1185,nso
1186,nso
1187,afr
1188,ven
1189,sot
1190,nso
1191,nso
1192,nso
1193,ven
1194,eng
1195,xho
1196,nso
1197,afr
1198,zul
1199,sot
1200,zul
1201,zul
1202,tso
1203,tso
1204,nso
1205,xho
1206,nso
1207,afr
1208,eng
1209,tsn
1210,nso
1211,afr
1212,tsn
1213,nso
1214,xho
1215,nso
1216,eng
1217,xho
1218,afr
1219,ssw
1220,ssw
1221,afr
1222,tso
1223,nso
1224,afr
1225,zul
1226,ssw
1227,zul
1228,tso
1229,nbl
1230,eng
1231,nbl
1232,ssw
1233,xho
1234,ven
1235,tsn
1236,sot
1237,ven
1238,tso
1239,afr
1240,zul
1241,sot
1242,afr
1243,ssw
1244,afr
1245,afr
1246,ssw
1247,sot
1248,eng
1249,sot
1250,ven
1251,nso
1252,ssw
1253,zul
1254,nso
1255,tso
1256,nso
1257,ven
1258,nso
1259,sot
1260,xho
1261,ssw
1262,afr
1263,tsn
1264,ssw
1265,tsn
1266,afr
1267,nbl
1268,tso
1269,nso
1270,nbl
1271,ven
1272,zul
1273,nso
1274,ven
1275,afr
1276,ssw
1277,afr
1278,xho
1279,xho
1280,eng
1281,tso
1282,xho
1283,eng
1284,nbl
1285,ven
1286,afr
1287,tsn
1288,nso
1289,nbl
1290,sot
1291,tso
1292,afr
1293,afr
1294,xho
1295,ven
1296,afr
1297,ven
1298,xho
1299,sot
1300,tsn
1301,nso
1302,nbl
1303,ssw
1304,eng
1305,ven
1306,sot
1307,nso
1308,afr
1309,ssw
1310,afr
1311,sot
1312,nso
1313,xho
1314,nso
1315,zul
1316,tso
1317,nbl
1318,tsn
1319,nbl
1320,nso
1321,sot
1322,afr
1323,nso
1324,afr
1325,ven
1326,sot
1327,afr
1328,afr
1329,tso
1330,sot
1331,tsn
1332,ssw
1333,zul
1334,tso
1335,ven
1336,ssw
1337,tsn
1338,tso
1339,sot
1340,afr
1341,nso
1342,ven
1343,sot
1344,nso
1345,nso
1346,tsn
1347,nbl
1348,tsn
1349,nso
1350,nso
1351,tso
1352,tso
1353,xho
1354,sot
1355,ven
1356,ven
1357,xho
1358,nbl
1359,sot
1360,zul
1361,xho
1362,xho
1363,xho
1364,tsn
1365,afr
1366,sot
1367,ven
1368,nso
1369,tso
1370,tso
1371,tsn
1372,eng
1373,ven
1374,xho
1375,xho
1376,afr
1377,ven
1378,xho
1379,nso
1380,sot
1381,nbl
1382,ven
1383,tsn
1384,ven
1385,tsn
1386,tsn
1387,xho
1388,ven
1389,ven
1390,tsn
1391,afr
1392,ssw
1393,afr
1394,ven
1395,tso
1396,nso
1397,tsn
1398,nso
1399,tso
1400,tsn
1401,nso
1402,zul
1403,nso
1404,afr
1405,afr
1406,tsn
1407,nso
1408,sot
1409,nso
1410,tso
1411,afr
1412,zul
1413,nso
1414,tso
1415,sot
1416,afr
1417,tso
1418,nso
1419,nso
1420,zul
1421,nso
1422,tsn
1423,tsn
1424,afr
1425,tsn
1426,ven
1427,xho
1428,tsn
1429,ven
1430,nso
1431,xho
1432,afr
1433,ven
1434,tso
1435,tsn
1436,tso
1437,nbl
1438,nbl
1439,nso
1440,ven
1441,nso
1442,ssw
1443,zul
1444,ssw
1445,nso
1446,eng
1447,afr
1448,afr
1449,sot
1450,xho
1451,afr
1452,ven
1453,ven
1454,tsn
1455,ven
1456,nso
1457,zul
1458,tso
1459,ven
1460,afr
1461,zul
1462,xho
1463,afr
1464,zul
1465,ven
1466,eng
1467,ssw
1468,afr
1469,tsn
1470,eng
1471,xho
1472,xho
1473,afr
1474,zul
1475,tso
1476,nbl
1477,sot
1478,nso
1479,ven
1480,tso
1481,xho
1482,afr
1483,afr
1484,afr
1485,nbl
1486,sot
1487,sot
1488,tso
1489,zul
1490,afr
1491,tso
1492,tso
1493,ssw
1494,tsn
1495,xho
1496,ven
1497,xho
1498,sot
1499,afr
1500,eng
1501,ven
1502,eng
1503,ssw
1504,ssw
1505,nso
1506,nso
1507,ven
1508,ssw
1509,ven
1510,sot
1511,tsn
1512,ven
1513,zul
1514,ven
1515,ssw
1516,eng
1517,xho
1518,xho
1519,tsn
1520,ven
1521,sot
1522,tso
1523,sot
1524,afr
1525,eng
1526,tso
1527,sot
1528,zul
1529,tsn
1530,eng
1531,afr
1532,ssw
1533,ssw
1534,tso
1535,tsn
1536,ven
1537,sot
1538,nso
1539,afr
1540,tso
1541,sot
1542,ven
1543,nbl
1544,ssw
1545,zul
1546,tsn
1547,xho
1548,afr
1549,afr
1550,tsn
1551,ven
1552,sot
1553,eng
1554,ven
1555,sot
1556,ven
1557,xho
1558,xho
1559,zul
1560,tsn
1561,xho
1562,nbl
1563,tsn
1564,ven
1565,tsn
1566,ven
1567,ssw
1568,tso
1569,ssw
1570,nso
1571,xho
1572,sot
1573,xho
1574,ssw
1575,nso
1576,ven
1577,tso
1578,xho
1579,afr
1580,ssw
1581,nbl
1582,eng
1583,nso
1584,afr
1585,zul
1586,tsn
1587,zul
1588,tsn
1589,ven
1590,zul
1591,sot
1592,eng
1593,nso
1594,nso
1595,xho
1596,ssw
1597,nso
1598,nbl
1599,zul
1600,tsn
1601,zul
1602,xho
1603,zul
1604,zul
1605,xho
1606,tsn
1607,ssw
1608,tso
1609,zul
1610,tsn
1611,nbl
1612,ven
1613,zul
1614,nso
1615,zul
1616,nso
1617,sot
1618,tso
1619,zul
1620,zul
1621,nbl
1622,nso
1623,tsn
1624,eng
1625,ven
1626,zul
1627,tso
1628,zul
1629,ssw
1630,afr
1631,xho
1632,eng
1633,xho
1634,nbl
1635,xho
1636,sot
1637,zul
1638,ven
1639,zul
1640,sot
1641,afr
1642,nbl
1643,tso
1644,eng
1645,afr
1646,ven
1647,tso
1648,nso
1649,xho
1650,ssw
1651,ssw
1652,tso
1653,nso
1654,xho
1655,nso
1656,ven
1657,tsn
1658,tso
1659,afr
1660,tso
1661,zul
1662,tso
1663,afr
1664,nbl
1665,sot
1666,nbl
1667,tsn
1668,afr
1669,nbl
1670,nso
1671,sot
1672,afr
1673,xho
1674,ven
1675,ven
1676,afr
1677,zul
1678,afr
1679,nso
1680,ven
1681,tsn
1682,tso
1683,sot
1684,afr
1685,ven
1686,sot
1687,sot
1688,ven
1689,nso
1690,afr
1691,ssw
1692,afr
1693,zul
1694,tso
1695,sot
1696,sot
1697,afr
1698,nbl
1699,nbl
1700,tso
1701,tsn
1702,xho
1703,ven
1704,xho
1705,tsn
1706,nso
1707,zul
1708,sot
1709,zul
1710,ssw
1711,afr
1712,ssw
1713,afr
1714,tsn
1715,ssw
1716,ven
1717,afr
1718,tsn
1719,nbl
1720,zul
1721,nso
1722,xho
1723,ven
1724,tsn
1725,ven
1726,sot
1727,ven
1728,nso
1729,zul
1730,ven
1731,nbl
1732,ven
1733,afr
1734,eng
1735,tso
1736,tsn
1737,tso
1738,ven
1739,xho
1740,ven
1741,ven
1742,xho
1743,xho
1744,ven
1745,nso
1746,sot
1747,tsn
1748,sot
1749,ssw
1750,nso
1751,nso
1752,sot
1753,zul
1754,tso
1755,afr
1756,ven
1757,ven
1758,ven
1759,tso
1760,afr
1761,nso
1762,tsn
1763,ssw
1764,xho
1765,nso
1766,ssw
1767,afr
1768,afr
1769,nbl
1770,tso
1771,zul
1772,sot
1773,sot
1774,ven
1775,nbl
1776,ssw
1777,tso
1778,ven
1779,tso
1780,sot
1781,zul
1782,tso
1783,ven
1784,nso
1785,nso
1786,tso
1787,eng
1788,nbl
1789,xho
1790,tsn
1791,xho
1792,afr
1793,tsn
1794,tsn
1795,tsn
1796,ssw
1797,zul
1798,tsn
1799,xho
1800,zul
1801,eng
1802,zul
1803,tso
1804,nso
1805,sot
1806,sot
1807,nbl
1808,ven
1809,tsn
1810,nbl
1811,ven
1812,ven
1813,ssw
1814,ssw
1815,ven
1816,sot
1817,tso
1818,xho
1819,nso
1820,nbl
1821,xho
1822,afr
1823,nbl
1824,afr
1825,tsn
1826,afr
1827,afr
1828,tsn
1829,xho
1830,ssw
1831,afr
1832,tso
1833,tso
1834,sot
1835,tsn
1836,zul
1837,ssw
1838,ven
1839,tsn
1840,eng
1841,tso
1842,xho
1843,nso
1844,nbl
1845,afr
1846,xho
1847,nbl
1848,ven
1849,nso
1850,nso
1851,ssw
1852,nso
1853,nso
1854,afr
1855,nso
1856,sot
1857,afr
1858,tso
1859,zul
1860,nso
1861,sot
1862,nbl
1863,nbl
1864,ssw
1865,ssw
1866,eng
1867,ven
1868,nbl
1869,xho
1870,zul
1871,tso
1872,zul
1873,sot
1874,nbl
1875,ven
1876,tso
1877,tsn
1878,ven
1879,afr
1880,xho
1881,tso
1882,sot
1883,ven
1884,nso
1885,ven
1886,ven
1887,tso
1888,sot
1889,nso
1890,sot
1891,ven
1892,nso
1893,eng
1894,nbl
1895,nbl
1896,afr
1897,ven
1898,sot
1899,ven
1900,nso
1901,sot
1902,xho
1903,ven
1904,tsn
1905,nso
1906,tsn
1907,tsn
1908,tsn
1909,ven
1910,nso
1911,nso
1912,nso
1913,ven
1914,afr
1915,afr
1916,afr
1917,xho
1918,ssw
1919,nbl
1920,tso
1921,tsn
1922,tso
1923,nso
1924,sot
1925,zul
1926,xho
1927,sot
1928,ven
1929,afr
1930,ven
1931,sot
1932,tsn
1933,sot
1934,ven
1935,xho
1936,zul
1937,tso
1938,xho
1939,nso
1940,afr
1941,afr
1942,xho
1943,sot
1944,nbl
1945,zul
1946,zul
1947,ven
1948,nso
1949,zul
1950,xho
1951,nso
1952,afr
1953,nso
1954,nso
1955,tsn
1956,nbl
1957,ssw
1958,nbl
1959,ven
1960,tsn
1961,tso
1962,ven
1963,afr
1964,tso
1965,ssw
1966,ssw
1967,ssw
1968,ssw
1969,nso
1970,tsn
1971,afr
1972,xho
1973,sot
1974,ssw
1975,zul
1976,sot
1977,nso
1978,xho
1979,afr
1980,nso
1981,tsn
1982,nso
1983,tsn
1984,nso
1985,tsn
1986,ssw
1987,tso
1988,nso
1989,xho
1990,sot
1991,tso
1992,ssw
1993,tso
1994,tso
1995,nso
1996,ven
1997,ven
1998,zul
1999,eng
2000,xho
2001,xho
2002,ven
2003,ven
2004,nso
2005,xho
2006,ven
2007,tso
2008,tso
2009,xho
2010,sot
2011,tsn
2012,ssw
2013,zul
2014,ven
2015,afr
2016,zul
2017,nso
2018,xho
2019,afr
2020,tsn
2021,zul
2022,sot
2023,tsn
2024,tso
2025,nbl
2026,afr
2027,xho
2028,nso
2029,nso
2030,xho
2031,tso
2032,nso
2033,xho
2034,ven
2035,ven
2036,tsn
2037,tso
2038,sot
2039,tso
2040,xho
2041,sot
2042,afr
2043,nso
2044,nso
2045,zul
2046,nso
2047,nso
2048,sot
2049,nso
2050,afr
2051,afr
2052,ssw
2053,eng
2054,tsn
2055,tsn
2056,nso
2057,afr
2058,eng
2059,nso
2060,tso
2061,afr
2062,tso
2063,xho
2064,tso
2065,zul
2066,eng
2067,afr
2068,ven
2069,tsn
2070,xho
2071,xho
2072,nso
2073,nso
2074,sot
2075,nso
2076,ven
2077,eng
2078,afr
2079,ven
2080,zul
2081,tso
2082,afr
2083,sot
2084,afr
2085,eng
2086,xho
2087,nbl
2088,sot
2089,tsn
2090,sot
2091,ssw
2092,nbl
2093,sot
2094,ven
2095,nbl
2096,xho
2097,tsn
2098,xho
2099,ven
2100,tso
2101,sot
2102,nso
2103,xho
2104,eng
2105,tso
2106,afr
2107,xho
2108,nbl
2109,ven
2110,tso
2111,xho
2112,zul
2113,afr
2114,afr
2115,tsn
2116,nso
2117,nbl
2118,nso
2119,tsn
2120,tsn
2121,xho
2122,sot
2123,tso
2124,ven
2125,ssw
2126,sot
2127,afr
2128,afr
2129,tso
2130,nbl
2131,tso
2132,sot
2133,nso
2134,nso
2135,nso
2136,sot
2137,tso
2138,afr
2139,eng
2140,sot
2141,tso
2142,nso
2143,sot
2144,ssw
2145,tso
2146,ven
2147,afr
2148,sot
2149,tso
2150,zul
2151,afr
2152,xho
2153,tso
2154,ven
2155,nso
2156,zul
2157,ssw
2158,xho
2159,tsn
2160,nso
2161,zul
2162,afr
2163,nso
2164,xho
2165,xho
2166,xho
2167,ven
2168,xho
2169,tso
2170,nbl
2171,nso
2172,ssw
2173,tso
2174,tsn
2175,nso
2176,ven
2177,afr
2178,ven
2179,ven
2180,nso
2181,tso
2182,xho
2183,tso
2184,tso
2185,xho
2186,sot
2187,nso
2188,tsn
2189,tso
2190,nbl
2191,ssw
2192,ssw
2193,afr
2194,tsn
2195,tso
2196,ven
2197,nso
2198,tso
2199,tso
2200,afr
2201,xho
2202,xho
2203,tso
2204,tsn
2205,sot
2206,tsn
2207,nso
2208,xho
2209,xho
2210,tsn
2211,ssw
2212,afr
2213,ssw
2214,ven
2215,tsn
2216,nso
2217,nso
2218,tso
2219,afr
2220,nso
2221,xho
2222,nso
2223,xho
2224,nso
2225,nbl
2226,ssw
2227,sot
2228,zul
2229,nso
2230,nbl
2231,afr
2232,tsn
2233,ssw
2234,eng
2235,eng
2236,nbl
2237,afr
2238,zul
2239,zul
2240,tsn
2241,ssw
2242,eng
2243,ven
2244,afr
2245,zul
2246,xho
2247,ssw
2248,xho
2249,xho
2250,xho
2251,xho
2252,tsn
2253,tso
2254,nso
2255,eng
2256,tsn
2257,nbl
2258,sot
2259,sot
2260,tsn
2261,ssw
2262,ven
2263,ven
2264,nso
2265,tsn
2266,afr
2267,tso
2268,sot
2269,afr
2270,ven
2271,sot
2272,sot
2273,sot
2274,nso
2275,xho
2276,nso
2277,tsn
2278,sot
2279,afr
2280,ssw
2281,nbl
2282,ven
2283,tso
2284,eng
2285,nbl
2286,afr
2287,zul
2288,nso
2289,eng
2290,nso
2291,tso
2292,tso
2293,afr
2294,xho
2295,nso
2296,ssw
2297,xho
2298,afr
2299,sot
2300,sot
2301,ven
2302,sot
2303,afr
2304,xho
2305,tsn
2306,afr
2307,afr
2308,eng
2309,tso
2310,nso
2311,zul
2312,zul
2313,sot
2314,ven
2315,nso
2316,nso
2317,afr
2318,xho
2319,xho
2320,sot
2321,afr
2322,sot
2323,sot
2324,xho
2325,tso
2326,ven
2327,afr
2328,nso
2329,ssw
2330,ven
2331,zul
2332,nso
2333,tsn
2334,nso
2335,nso
2336,afr
2337,ven
2338,xho
2339,tsn
2340,nso
2341,tsn
2342,ven
2343,tsn
2344,ssw
2345,xho
2346,nso
2347,sot
2348,ven
2349,ssw
2350,nbl
2351,xho
2352,nbl
2353,sot
2354,afr
2355,zul
2356,ssw
2357,nso
2358,xho
2359,ven
2360,tsn
2361,nso
2362,xho
2363,nbl
2364,nso
2365,xho
2366,ssw
2367,zul
2368,nso
2369,sot
2370,afr
2371,zul
2372,nso
2373,afr
2374,xho
2375,zul
2376,ssw
2377,nbl
2378,afr
2379,tso
2380,afr
2381,tso
2382,ven
2383,zul
2384,eng
2385,afr
2386,nso
2387,nso
2388,ven
2389,tso
2390,tsn
2391,afr
2392,zul
2393,xho
2394,xho
2395,ssw
2396,eng
2397,sot
2398,nso
2399,afr
2400,ven
2401,sot
2402,xho
2403,tsn
2404,ven
2405,afr
2406,afr
2407,ssw
2408,afr
2409,afr
2410,tsn
2411,ssw
2412,afr
2413,afr
2414,sot
2415,nso
2416,nso
2417,tsn
2418,ven
2419,ssw
2420,ven
2421,sot
2422,ven
2423,nso
2424,tso
2425,tsn
2426,afr
2427,ven
2428,afr
2429,sot
2430,tsn
2431,nso
2432,tso
2433,xho
2434,ssw
2435,ssw
2436,nso
2437,xho
2438,xho
2439,nbl
2440,ven
2441,xho
2442,xho
2443,zul
2444,xho
2445,nso
2446,nbl
2447,tso
2448,nso
2449,tsn
2450,nbl
2451,afr
2452,nso
2453,afr
2454,nbl
2455,eng
2456,ven
2457,sot
2458,xho
2459,nbl
2460,sot
2461,afr
2462,afr
2463,nso
2464,nso
2465,xho
2466,zul
2467,nbl
2468,ven
2469,afr
2470,tso
2471,xho
2472,afr
2473,nbl
2474,ven
2475,ssw
2476,nbl
2477,xho
2478,xho
2479,nso
2480,ven
2481,nbl
2482,afr
2483,nbl
2484,sot
2485,tso
2486,nbl
2487,ven
2488,xho
2489,xho
2490,nbl
2491,ven
2492,nbl
2493,afr
2494,sot
2495,tsn
2496,nso
2497,sot
2498,ssw
2499,afr
2500,ven
2501,xho
2502,tso
2503,tso
2504,afr
2505,tsn
2506,nbl
2507,sot
2508,ssw
2509,afr
2510,xho
2511,afr
2512,eng
2513,tso
2514,nso
2515,xho
2516,tsn
2517,nso
2518,ven
2519,nso
2520,ssw
2521,tsn
2522,sot
2523,afr
2524,ven
2525,sot
2526,ven
2527,sot
2528,tsn
2529,tso
2530,zul
2531,xho
2532,eng
2533,afr
2534,sot
2535,zul
2536,zul
2537,tso
2538,nso
2539,afr
2540,tso
2541,xho
2542,afr
2543,tsn
2544,nso
2545,eng
2546,ven
2547,sot
2548,tso
2549,ven
2550,afr
2551,xho
2552,nso
2553,nso
2554,sot
2555,tso
2556,xho
2557,sot
2558,tsn
2559,nbl
2560,ven
2561,ven
2562,tso
2563,tso
2564,sot
2565,afr
2566,xho
2567,nso
2568,afr
2569,nso
2570,nso
2571,ven
2572,nso
2573,ven
2574,ven
2575,ssw
2576,ssw
2577,tsn
2578,xho
2579,eng
2580,sot
2581,nso
2582,ven
2583,nso
2584,eng
2585,zul
2586,tso
2587,nso
2588,sot
2589,zul
2590,tso
2591,tsn
2592,ven
2593,tsn
2594,tsn
2595,nbl
2596,tso
2597,xho
2598,afr
2599,ven
2600,tsn
2601,ven
2602,nso
2603,eng
2604,ven
2605,afr
2606,afr
2607,eng
2608,tsn
2609,ven
2610,tso
2611,zul
2612,tsn
2613,eng
2614,afr
2615,sot
2616,nso
2617,nbl
2618,xho
2619,afr
2620,xho
2621,ven
2622,tsn
2623,afr
2624,zul
2625,tso
2626,nso
2627,tso
2628,ven
2629,eng
2630,afr
2631,tsn
2632,xho
2633,xho
2634,zul
2635,sot
2636,afr
2637,nbl
2638,ssw
2639,nbl
2640,sot
2641,eng
2642,afr
2643,afr
2644,sot
2645,afr
2646,nso
2647,sot
2648,sot
2649,nso
2650,tsn
2651,ven
2652,eng
2653,eng
2654,eng
2655,zul
2656,xho
2657,xho
2658,ssw
2659,ssw
2660,eng
2661,ssw
2662,zul
2663,ven
2664,ssw
2665,ven
2666,xho
2667,nso
2668,sot
2669,nbl
2670,ven
2671,nso
2672,ven
2673,ven
2674,nbl
2675,nso
2676,ven
2677,tsn
2678,tso
2679,ssw
2680,zul
2681,eng
2682,afr
2683,xho
2684,sot
2685,nbl
2686,ven
2687,zul
2688,zul
2689,sot
2690,zul
2691,nso
2692,tso
2693,ssw
2694,xho
2695,ven
2696,ven
2697,afr
2698,xho
2699,ven
2700,sot
2701,ven
2702,xho
2703,afr
2704,ven
2705,ven
2706,tso
2707,nso
2708,sot
2709,sot
2710,xho
2711,afr
2712,nbl
2713,xho
2714,zul
2715,nso
2716,ssw
2717,ssw
2718,sot
2719,sot
2720,xho
2721,afr
2722,sot
2723,tso
2724,tsn
2725,ven
2726,sot
2727,afr
2728,afr
2729,tso
2730,nbl
2731,nbl
2732,nso
2733,sot
2734,xho
2735,ven
2736,afr
2737,tsn
2738,sot
2739,zul
2740,sot
2741,nso
2742,ven
2743,afr
2744,nso
2745,ssw
2746,tsn
2747,xho
2748,afr
2749,tsn
2750,tsn
2751,nso
2752,afr
2753,nso
2754,xho
2755,ven
2756,ven
2757,nso
2758,ven
2759,nso
2760,afr
2761,tsn
2762,afr
2763,tsn
2764,zul
2765,afr
2766,tsn
2767,nso
2768,sot
2769,sot
2770,sot
2771,tso
2772,eng
2773,xho
2774,afr
2775,tsn
2776,afr
2777,tso
2778,xho
2779,afr
2780,afr
2781,nso
2782,ssw
2783,afr
2784,tsn
2785,xho
2786,afr
2787,ven
2788,eng
2789,nbl
2790,ven
2791,ven
2792,nso
2793,afr
2794,ven
2795,ven
2796,tso
2797,nso
2798,sot
2799,nso
2800,ven
2801,nso
2802,ven
2803,ssw
2804,afr
2805,xho
2806,tsn
2807,sot
2808,xho
2809,ssw
2810,afr
2811,sot
2812,sot
2813,eng
2814,tsn
2815,afr
2816,xho
2817,sot
2818,eng
2819,ssw
2820,tsn
2821,afr
2822,afr
2823,tsn
2824,afr
2825,tso
2826,nso
2827,sot
2828,nso
2829,afr
2830,tso
2831,sot
2832,xho
2833,nso
2834,xho
2835,nso
2836,zul
2837,afr
2838,eng
2839,tso
2840,nso
2841,xho
2842,nso
2843,ssw
2844,tsn
2845,zul
2846,tsn
2847,afr
2848,nbl
2849,afr
2850,tsn
2851,ssw
2852,ssw
2853,ven
2854,zul
2855,ven
2856,eng
2857,tsn
2858,tso
2859,tso
2860,tsn
2861,xho
2862,nso
2863,sot
2864,xho
2865,zul
2866,xho
2867,tso
2868,tso
2869,tsn
2870,afr
2871,afr
2872,afr
2873,ven
2874,tsn
2875,ven
2876,nso
2877,ven
2878,afr
2879,nso
2880,xho
2881,tsn
2882,ven
2883,xho
2884,tso
2885,tso
2886,sot
2887,xho
2888,nso
2889,xho
2890,xho
2891,tso
2892,nso
2893,nso
2894,ssw
2895,ssw
2896,tso
2897,zul
2898,nbl
2899,tso
2900,afr
2901,tsn
2902,nso
2903,sot
2904,tso
2905,xho
2906,sot
2907,nso
2908,ssw
2909,xho
2910,afr
2911,tsn
2912,nso
2913,nso
2914,afr
2915,afr
2916,ven
2917,ven
2918,ssw
2919,ven
2920,afr
2921,tsn
2922,sot
2923,sot
2924,sot
2925,sot
2926,xho
2927,afr
2928,xho
2929,ssw
2930,nbl
2931,nso
2932,xho
2933,afr
2934,xho
2935,nbl
2936,nso
2937,nso
2938,sot
2939,tso
2940,nso
2941,afr
2942,nso
2943,xho
2944,afr
2945,ven
2946,sot
2947,sot
2948,afr
2949,nbl
2950,tso
2951,tso
2952,afr
2953,sot
2954,afr
2955,tsn
2956,eng
2957,nso
2958,zul
2959,nso
2960,ven
2961,tsn
2962,eng
2963,afr
2964,ssw
2965,eng
2966,xho
2967,ven
2968,nso
2969,xho
2970,afr
2971,tso
2972,afr
2973,tso
2974,xho
2975,tso
2976,nso
2977,ssw
2978,tso
2979,tsn
2980,xho
2981,nso
2982,nso
2983,sot
2984,xho
2985,tso
2986,ssw
2987,ssw
2988,afr
2989,tso
2990,xho
2991,ven
2992,ven
2993,ssw
2994,afr
2995,ven
2996,tsn
2997,sot
2998,afr
2999,zul
3000,tsn
3001,ven
3002,tso
3003,tsn
3004,ssw
3005,afr
3006,afr
3007,afr
3008,nso
3009,xho
3010,sot
3011,sot
3012,ven
3013,zul
3014,sot
3015,afr
3016,afr
3017,ven
3018,zul
3019,zul
3020,nbl
3021,sot
3022,eng
3023,sot
3024,nso
3025,nso
3026,xho
3027,afr
3028,tsn
3029,ssw
3030,ven
3031,tso
3032,xho
3033,ssw
3034,tso
3035,afr
3036,tsn
3037,sot
3038,xho
3039,zul
3040,xho
3041,eng
3042,xho
3043,nso
3044,afr
3045,ven
3046,nbl
3047,zul
3048,ssw
3049,tso
3050,afr
3051,nso
3052,tsn
3053,afr
3054,ssw
3055,ven
3056,nso
3057,tsn
3058,nso
3059,tso
3060,afr
3061,afr
3062,ssw
3063,tso
3064,ven
3065,zul
3066,xho
3067,nso
3068,xho
3069,nso
3070,nso
3071,nso
3072,ssw
3073,afr
3074,afr
3075,zul
3076,tso
3077,tsn
3078,ven
3079,ven
3080,nso
3081,eng
3082,ven
3083,afr
3084,eng
3085,tso
3086,nso
3087,ven
3088,sot
3089,ven
3090,zul
3091,eng
3092,nbl
3093,nso
3094,sot
3095,ssw
3096,nso
3097,ven
3098,afr
3099,xho
3100,xho
3101,nbl
3102,nso
3103,ssw
3104,eng
3105,sot
3106,nso
3107,tso
3108,nso
3109,tsn
3110,xho
3111,nso
3112,afr
3113,xho
3114,ssw
3115,eng
3116,sot
3117,xho
3118,afr
3119,tso
3120,sot
3121,zul
3122,ven
3123,nso
3124,xho
3125,sot
3126,ven
3127,tsn
3128,sot
3129,zul
3130,sot
3131,zul
3132,afr
3133,ven
3134,zul
3135,eng
3136,xho
3137,nso
3138,sot
3139,ssw
3140,ven
3141,afr
3142,nso
3143,zul
3144,afr
3145,ssw
3146,ven
3147,xho
3148,tso
3149,afr
3150,ven
3151,ssw
3152,nso
3153,sot
3154,tsn
3155,xho
3156,ven
3157,xho
3158,afr
3159,xho
3160,ven
3161,tso
3162,eng
3163,xho
3164,tso
3165,zul
3166,nso
3167,ven
3168,ven
3169,afr
3170,tso
3171,tso
3172,tso
3173,afr
3174,sot
3175,sot
3176,tsn
3177,afr
3178,ven
3179,ven
3180,xho
3181,tso
3182,tso
3183,ssw
3184,ssw
3185,xho
3186,xho
3187,ven
3188,eng
3189,afr
3190,tso
3191,zul
3192,tsn
3193,tso
3194,zul
3195,nso
3196,xho
3197,nbl
3198,xho
3199,sot
3200,xho
3201,tsn
3202,xho
3203,sot
3204,eng
3205,afr
3206,nso
3207,afr
3208,afr
3209,tso
3210,zul
3211,nso
3212,xho
3213,xho
3214,eng
3215,eng
3216,xho
3217,ssw
3218,tsn
3219,nbl
3220,ven
3221,ven
3222,xho
3223,tso
3224,ven
3225,ssw
3226,tso
3227,ven
3228,ssw
3229,nso
3230,ven
3231,nso
3232,afr
3233,afr
3234,nbl
3235,nbl
3236,nso
3237,sot
3238,xho
3239,sot
3240,xho
3241,ssw
3242,ven
3243,ven
3244,tso
3245,tsn
3246,zul
3247,sot
3248,zul
3249,tso
3250,ven
3251,nbl
3252,sot
3253,tsn
3254,nso
3255,nso
3256,xho
3257,ven
3258,tsn
3259,eng
3260,tsn
3261,sot
3262,ven
3263,tsn
3264,tso
3265,tso
3266,ven
3267,zul
3268,ssw
3269,ven
3270,xho
3271,tso
3272,nbl
3273,ven
3274,nbl
3275,afr
3276,zul
3277,nso
3278,afr
3279,xho
3280,ven
3281,tsn
3282,zul
3283,nso
3284,tsn
3285,tsn
3286,zul
3287,sot
3288,nbl
3289,zul
3290,xho
3291,tsn
3292,zul
3293,zul
3294,nso
3295,zul
3296,afr
3297,xho
3298,xho
3299,nbl
3300,tsn
3301,sot
3302,afr
3303,nso
3304,nso
3305,afr
3306,tso
3307,eng
3308,tsn
3309,sot
3310,ven
3311,xho
3312,nso
3313,nso
3314,sot
3315,nso
3316,nbl
3317,sot
3318,tsn
3319,ssw
3320,afr
3321,nso
3322,zul
3323,eng
3324,sot
3325,ven
3326,afr
3327,sot
3328,nso
3329,nso
3330,xho
3331,afr
3332,afr
3333,tsn
3334,zul
3335,zul
3336,nbl
3337,xho
3338,ven
3339,xho
3340,ven
3341,nso
3342,xho
3343,tso
3344,tsn
3345,tso
3346,ven
3347,ven
3348,tso
3349,tso
3350,nso
3351,tso
3352,ven
3353,ven
3354,zul
3355,tso
3356,tsn
3357,sot
3358,afr
3359,tso
3360,nso
3361,nso
3362,tso
3363,zul
3364,ven
3365,nso
3366,ven
3367,tsn
3368,ssw
3369,ven
3370,tso
3371,zul
3372,tsn
3373,afr
3374,ven
3375,ven
3376,tso
3377,tso
3378,xho
3379,eng
3380,afr
3381,sot
3382,xho
3383,nso
3384,nso
3385,xho
3386,nso
3387,ssw
3388,ssw
3389,afr
3390,tso
3391,sot
3392,zul
3393,ssw
3394,nso
3395,ven
3396,xho
3397,ven
3398,sot
3399,zul
3400,ssw
3401,tsn
3402,nbl
3403,ven
3404,ven
3405,xho
3406,tsn
3407,nbl
3408,tsn
3409,nbl
3410,nso
3411,xho
3412,ven
3413,eng
3414,eng
3415,afr
3416,afr
3417,xho
3418,nbl
3419,tsn
3420,nso
3421,ven
3422,nso
3423,ssw
3424,zul
3425,ven
3426,tsn
3427,nso
3428,nso
3429,nso
3430,nbl
3431,afr
3432,ssw
3433,nbl
3434,zul
3435,ven
3436,nso
3437,nbl
3438,xho
3439,afr
3440,xho
3441,tso
3442,ven
3443,ven
3444,ven
3445,ven
3446,tso
3447,ven
3448,tso
3449,tsn
3450,sot
3451,nbl
3452,ssw
3453,xho
3454,afr
3455,xho
3456,sot
3457,ssw
3458,tsn
3459,xho
3460,ssw
3461,nbl
3462,xho
3463,ssw
3464,eng
3465,sot
3466,zul
3467,ven
3468,afr
3469,tso
3470,ssw
3471,sot
3472,nbl
3473,zul
3474,afr
3475,tso
3476,xho
3477,afr
3478,afr
3479,tsn
3480,afr
3481,tsn
3482,nso
3483,nbl
3484,nso
3485,xho
3486,sot
3487,xho
3488,ven
3489,nbl
3490,eng
3491,xho
3492,ven
3493,sot
3494,afr
3495,ssw
3496,nso
3497,xho
3498,nso
3499,tsn
3500,tsn
3501,afr
3502,xho
3503,zul
3504,ven
3505,xho
3506,ven
3507,ven
3508,ven
3509,ven
3510,sot
3511,ven
3512,tsn
3513,zul
3514,nbl
3515,xho
3516,nso
3517,zul
3518,ven
3519,nbl
3520,ven
3521,tso
3522,afr
3523,ven
3524,sot
3525,nbl
3526,tso
3527,nso
3528,zul
3529,zul
3530,nso
3531,afr
3532,ven
3533,xho
3534,tsn
3535,ven
3536,tsn
3537,nso
3538,ven
3539,sot
3540,tsn
3541,nso
3542,xho
3543,tsn
3544,ven
3545,ven
3546,tso
3547,ssw
3548,nso
3549,nso
3550,ssw
3551,eng
3552,eng
3553,ven
3554,tso
3555,xho
3556,xho
3557,xho
3558,nso
3559,tsn
3560,afr
3561,nso
3562,nso
3563,afr
3564,tso
3565,nso
3566,nso
3567,nso
3568,afr
3569,tso
3570,sot
3571,ssw
3572,xho
3573,nso
3574,afr
3575,tsn
3576,nso
3577,nbl
3578,ven
3579,afr
3580,ven
3581,nso
3582,eng
3583,tsn
3584,afr
3585,tso
3586,xho
3587,afr
3588,ven
3589,xho
3590,tso
3591,tso
3592,ven
3593,nso
3594,ven
3595,tso
3596,tso
3597,tsn
3598,tso
3599,nso
3600,afr
3601,tsn
3602,sot
3603,tsn
3604,xho
3605,tso
3606,tso
3607,afr
3608,sot
3609,zul
3610,nso
3611,tsn
3612,tso
3613,eng
3614,sot
3615,afr
3616,tso
3617,zul
3618,afr
3619,nbl
3620,tso
3621,ssw
3622,eng
3623,ven
3624,nso
3625,nbl
3626,xho
3627,sot
3628,nso
3629,afr
3630,sot
3631,nso
3632,afr
3633,sot
3634,afr
3635,eng
3636,tso
3637,eng
3638,tso
3639,ssw
3640,sot
3641,ven
3642,sot
3643,tso
3644,ssw
3645,afr
3646,afr
3647,sot
3648,sot
3649,xho
3650,xho
3651,eng
3652,tso
3653,nso
3654,nso
3655,tsn
3656,ssw
3657,sot
3658,nso
3659,sot
3660,ssw
3661,zul
3662,nso
3663,sot
3664,zul
3665,nso
3666,sot
3667,nso
3668,ssw
3669,xho
3670,ssw
3671,tso
3672,xho
3673,tso
3674,tsn
3675,nbl
3676,tsn
3677,xho
3678,ssw
3679,zul
3680,xho
3681,ven
3682,nbl
3683,xho
3684,tsn
3685,tso
3686,eng
3687,sot
3688,tsn
3689,ven
3690,sot
3691,sot
3692,tso
3693,xho
3694,tsn
3695,xho
3696,sot
3697,sot
3698,ssw
3699,ven
3700,ven
3701,ven
3702,ven
3703,xho
3704,tso
3705,nso
3706,ven
3707,tsn
3708,xho
3709,tso
3710,afr
3711,sot
3712,ven
3713,tso
3714,eng
3715,tso
3716,xho
3717,nbl
3718,afr
3719,ven
3720,tsn
3721,zul
3722,xho
3723,xho
3724,zul
3725,xho
3726,ssw
3727,afr
3728,nso
3729,afr
3730,tsn
3731,sot
3732,ssw
3733,ven
3734,zul
3735,tso
3736,xho
3737,nso
3738,afr
3739,afr
3740,ven
3741,tso
3742,tsn
3743,sot
3744,eng
3745,tsn
3746,tsn
3747,zul
3748,zul
3749,nso
3750,tsn
3751,tso
3752,ven
3753,afr
3754,nso
3755,nso
3756,nbl
3757,tsn
3758,sot
3759,sot
3760,afr
3761,nso
3762,nbl
3763,nso
3764,ven
3765,nso
3766,nso
3767,tsn
3768,zul
3769,xho
3770,eng
3771,nso
3772,tsn
3773,xho
3774,eng
3775,sot
3776,afr
3777,afr
3778,xho
3779,ssw
3780,tso
3781,nso
3782,nbl
3783,sot
3784,sot
3785,nso
3786,zul
3787,tso
3788,zul
3789,xho
3790,zul
3791,xho
3792,afr
3793,zul
3794,tsn
3795,ven
3796,afr
3797,nso
3798,nso
3799,ssw
3800,nbl
3801,ven
3802,xho
3803,afr
3804,tsn
3805,eng
3806,tso
3807,tsn
3808,sot
3809,ssw
3810,tso
3811,tsn
3812,sot
3813,nso
3814,tso
3815,nbl
3816,ssw
3817,nso
3818,ssw
3819,tsn
3820,zul
3821,nso
3822,tsn
3823,ven
3824,eng
3825,nso
3826,xho
3827,ven
3828,sot
3829,afr
3830,tsn
3831,nso
3832,ssw
3833,tso
3834,nbl
3835,ssw
3836,nso
3837,tsn
3838,nbl
3839,nbl
3840,eng
3841,tsn
3842,nso
3843,ven
3844,tsn
3845,ven
3846,zul
3847,ven
3848,ven
3849,sot
3850,tsn
3851,nbl
3852,nso
3853,nso
3854,ven
3855,zul
3856,nso
3857,tsn
3858,nso
3859,afr
3860,sot
3861,tso
3862,zul
3863,afr
3864,xho
3865,xho
3866,ssw
3867,afr
3868,afr
3869,nso
3870,ven
3871,tso
3872,nbl
3873,ven
3874,tsn
3875,ssw
3876,afr
3877,eng
3878,ven
3879,ssw
3880,xho
3881,zul
3882,nso
3883,xho
3884,sot
3885,tsn
3886,sot
3887,ven
3888,tsn
3889,ssw
3890,sot
3891,afr
3892,zul
3893,nso
3894,sot
3895,sot
3896,nso
3897,ssw
3898,xho
3899,tso
3900,eng
3901,ven
3902,afr
3903,nso
3904,eng
3905,nso
3906,sot
3907,nso
3908,nso
3909,xho
3910,afr
3911,tso
3912,zul
3913,xho
3914,tsn
3915,zul
3916,afr
3917,sot
3918,nbl
3919,nso
3920,nso
3921,tso
3922,ssw
3923,ven
3924,tsn
3925,ven
3926,zul
3927,nso
3928,nso
3929,nso
3930,afr
3931,zul
3932,afr
3933,xho
3934,sot
3935,nso
3936,nso
3937,xho
3938,tso
3939,tso
3940,afr
3941,ven
3942,ssw
3943,ven
3944,zul
3945,tso
3946,afr
3947,nso
3948,sot
3949,xho
3950,xho
3951,sot
3952,nso
3953,tso
3954,sot
3955,afr
3956,xho
3957,tso
3958,tso
3959,afr
3960,eng
3961,ven
3962,tso
3963,xho
3964,ven
3965,nso
3966,tsn
3967,xho
3968,sot
3969,xho
3970,zul
3971,nso
3972,xho
3973,xho
3974,nso
3975,sot
3976,ssw
3977,tsn
3978,nso
3979,nso
3980,tsn
3981,nso
3982,tso
3983,ssw
3984,afr
3985,nso
3986,sot
3987,ven
3988,xho
3989,afr
3990,ssw
3991,eng
3992,ven
3993,xho
3994,afr
3995,nbl
3996,ven
3997,ven
3998,tsn
3999,xho
4000,nso
4001,ven
4002,tso
4003,zul
4004,zul
4005,tso
4006,zul
4007,nso
4008,tsn
4009,xho
4010,ven
4011,nso
4012,xho
4013,tso
4014,nbl
4015,tsn
4016,tso
4017,nbl
4018,zul
4019,ssw
4020,nbl
4021,ven
4022,ssw
4023,afr
4024,nso
4025,tso
4026,zul
4027,tsn
4028,xho
4029,zul
4030,tso
4031,nbl
4032,tsn
4033,xho
4034,afr
4035,afr
4036,nso
4037,tso
4038,afr
4039,sot
4040,nbl
4041,sot
4042,ssw
4043,tso
4044,tsn
4045,xho
4046,ven
4047,ven
4048,ven
4049,sot
4050,xho
4051,tsn
4052,ven
4053,afr
4054,nbl
4055,ven
4056,sot
4057,afr
4058,tsn
4059,ven
4060,nso
4061,afr
4062,ven
4063,ven
4064,xho
4065,ssw
4066,sot
4067,xho
4068,zul
4069,afr
4070,tso
4071,sot
4072,zul
4073,xho
4074,nso
4075,xho
4076,nso
4077,tsn
4078,ven
4079,xho
4080,afr
4081,sot
4082,xho
4083,afr
4084,sot
4085,nso
4086,tso
4087,afr
4088,tso
4089,sot
4090,ven
4091,tso
4092,afr
4093,tso
4094,tsn
4095,tsn
4096,xho
4097,afr
4098,nso
4099,sot
4100,afr
4101,sot
4102,tsn
4103,ven
4104,xho
4105,tsn
4106,tsn
4107,xho
4108,tso
4109,afr
4110,xho
4111,xho
4112,xho
4113,afr
4114,sot
4115,xho
4116,ven
4117,tsn
4118,nso
4119,tsn
4120,ven
4121,ven
4122,afr
4123,nso
4124,zul
4125,afr
4126,tsn
4127,zul
4128,tsn
4129,sot
4130,tsn
4131,nso
4132,xho
4133,afr
4134,nso
4135,nso
4136,tso
4137,afr
4138,tsn
4139,eng
4140,ssw
4141,nso
4142,xho
4143,ssw
4144,nso
4145,sot
4146,xho
4147,ven
4148,nso
4149,tsn
4150,tsn
4151,afr
4152,nso
4153,zul
4154,sot
4155,sot
4156,afr
4157,afr
4158,afr
4159,nbl
4160,nbl
4161,afr
4162,xho
4163,nso
4164,zul
4165,tso
4166,tso
4167,ven
4168,tso
4169,xho
4170,nso
4171,tsn
4172,tsn
4173,eng
4174,xho
4175,nbl
4176,xho
4177,ven
4178,sot
4179,tso
4180,tsn
4181,sot
4182,ven
4183,xho
4184,tso
4185,ssw
4186,tsn
4187,sot
4188,nso
4189,tsn
4190,afr
4191,nbl
4192,nso
4193,xho
4194,xho
4195,afr
4196,tsn
4197,xho
4198,eng
4199,afr
4200,xho
4201,xho
4202,nso
4203,nso
4204,nso
4205,xho
4206,ven
4207,ven
4208,nso
4209,tsn
4210,zul
4211,ven
4212,tsn
4213,ssw
4214,nbl
4215,xho
4216,ven
4217,tso
4218,tso
4219,ven
4220,xho
4221,zul
4222,nso
4223,nbl
4224,nso
4225,xho
4226,afr
4227,nbl
4228,sot
4229,tsn
4230,ven
4231,xho
4232,ssw
4233,nso
4234,tso
4235,tsn
4236,tsn
4237,afr
4238,sot
4239,tso
4240,nso
4241,afr
4242,nso
4243,tso
4244,sot
4245,tso
4246,nbl
4247,ven
4248,ssw
4249,eng
4250,afr
4251,nso
4252,nso
4253,tso
4254,ven
4255,xho
4256,ven
4257,sot
4258,nbl
4259,sot
4260,xho
4261,ven
4262,xho
4263,ven
4264,nso
4265,tso
4266,nso
4267,nso
4268,afr
4269,tsn
4270,zul
4271,xho
4272,afr
4273,ssw
4274,xho
4275,sot
4276,zul
4277,ven
4278,tso
4279,xho
4280,tsn
4281,zul
4282,ven
4283,sot
4284,ven
4285,tso
4286,ssw
4287,ssw
4288,tso
4289,xho
4290,xho
4291,zul
4292,ven
4293,tso
4294,ssw
4295,zul
4296,xho
4297,tso
4298,tsn
4299,tsn
4300,tso
4301,ven
4302,sot
4303,nso
4304,sot
4305,nso
4306,nso
4307,afr
4308,afr
4309,afr
4310,xho
4311,tso
4312,sot
4313,sot
4314,nbl
4315,nbl
4316,afr
4317,ven
4318,tso
4319,tsn
4320,nso
4321,eng
4322,ven
4323,nso
4324,ven
4325,eng
4326,xho
4327,nso
4328,xho
4329,sot
4330,ven
4331,nso
4332,xho
4333,ven
4334,nso
4335,xho
4336,nso
4337,eng
4338,sot
4339,ven
4340,ven
4341,eng
4342,ssw
4343,afr
4344,tso
4345,ssw
4346,tso
4347,ssw
4348,sot
4349,xho
4350,nso
4351,afr
4352,xho
4353,zul
4354,afr
4355,tso
4356,xho
4357,nso
4358,tsn
4359,ven
4360,tsn
4361,afr
4362,nso
4363,sot
4364,afr
4365,eng
4366,sot
4367,afr
4368,zul
4369,nso
4370,nbl
4371,nso
4372,xho
4373,afr
4374,sot
4375,eng
4376,nso
4377,zul
4378,ven
4379,nso
4380,tsn
4381,tsn
4382,ssw
4383,ven
4384,nbl
4385,ven
4386,zul
4387,afr
4388,tsn
4389,nso
4390,afr
4391,afr
4392,tso
4393,nso
4394,nbl
4395,tso
4396,zul
4397,xho
4398,afr
4399,eng
4400,tso
4401,afr
4402,nso
4403,afr
4404,nso
4405,ven
4406,afr
4407,nso
4408,nso
4409,xho
4410,ven
4411,nso
4412,afr
4413,tso
4414,ven
4415,ven
4416,zul
4417,nso
4418,afr
4419,zul
4420,sot
4421,ssw
4422,ssw
4423,ven
4424,sot
4425,tsn
4426,tsn
4427,eng
4428,ven
4429,nso
4430,ven
4431,sot
4432,nso
4433,sot
4434,afr
4435,tso
4436,afr
4437,afr
4438,nso
4439,ven
4440,ssw
4441,nbl
4442,tsn
4443,eng
4444,ven
4445,tsn
4446,nso
4447,nso
4448,nbl
4449,ven
4450,sot
4451,ven
4452,tso
4453,nbl
4454,zul
4455,tso
4456,zul
4457,afr
4458,xho
4459,zul
4460,tsn
4461,ven
4462,nso
4463,afr
4464,afr
4465,tso
4466,ven
4467,tso
4468,ssw
4469,ven
4470,tso
4471,ven
4472,xho
4473,afr
4474,tso
4475,nso
4476,afr
4477,xho
4478,nbl
4479,nso
4480,ven
4481,xho
4482,xho
4483,nso
4484,nso
4485,tsn
4486,ven
4487,tso
4488,tsn
4489,xho
4490,sot
4491,tsn
4492,nso
4493,tso
4494,ven
4495,ssw
4496,afr
4497,ven
4498,ven
4499,afr
4500,ssw
4501,nso
4502,ssw
4503,xho
4504,nso
4505,tsn
4506,sot
4507,ven
4508,xho
4509,tso
4510,ven
4511,tsn
4512,nbl
4513,xho
4514,xho
4515,tso
4516,xho
4517,tsn
4518,xho
4519,sot
4520,ven
4521,tsn
4522,tsn
4523,nso
4524,ven
4525,ven
4526,zul
4527,nso
4528,tsn
4529,nso
4530,ven
4531,xho
4532,tsn
4533,xho
4534,ssw
4535,tsn
4536,afr
4537,sot
4538,nso
4539,tso
4540,tsn
4541,eng
4542,nso
4543,afr
4544,afr
4545,tsn
4546,tso
4547,nso
4548,sot
4549,ven
4550,eng
4551,tsn
4552,zul
4553,afr
4554,tsn
4555,zul
4556,xho
4557,xho
4558,tso
4559,tso
4560,ven
4561,tsn
4562,tsn
4563,nso
4564,eng
4565,sot
4566,tsn
4567,sot
4568,sot
4569,ven
4570,tso
4571,sot
4572,tsn
4573,ven
4574,afr
4575,xho
4576,ssw
4577,tsn
4578,zul
4579,tsn
4580,zul
4581,xho
4582,tso
4583,tso
4584,sot
4585,nso
4586,tsn
4587,tsn
4588,ssw
4589,sot
4590,ssw
4591,nso
4592,sot
4593,zul
4594,tso
4595,ven
4596,ssw
4597,tsn
4598,ven
4599,eng
4600,sot
4601,afr
4602,nso
4603,ven
4604,sot
4605,tsn
4606,ven
4607,tso
4608,ssw
4609,afr
4610,xho
4611,nso
4612,afr
4613,sot
4614,tso
4615,afr
4616,afr
4617,xho
4618,eng
4619,tsn
4620,tsn
4621,afr
4622,ven
4623,xho
4624,tsn
4625,ven
4626,tso
4627,zul
4628,ven
4629,afr
4630,tso
4631,tsn
4632,tsn
4633,tsn
4634,eng
4635,ven
4636,tsn
4637,xho
4638,xho
4639,eng
4640,eng
4641,xho
4642,nso
4643,nso
4644,tso
4645,tso
4646,nso
4647,nso
4648,nso
4649,tso
4650,ven
4651,nbl
4652,ssw
4653,sot
4654,ven
4655,afr
4656,nso
4657,tso
4658,tso
4659,ssw
4660,tso
4661,xho
4662,zul
4663,xho
4664,nso
4665,xho
4666,afr
4667,eng
4668,zul
4669,nso
4670,afr
4671,xho
4672,xho
4673,nso
4674,ven
4675,nbl
4676,xho
4677,xho
4678,xho
4679,zul
4680,nso
4681,tso
4682,xho
4683,ssw
4684,zul
4685,ven
4686,xho
4687,afr
4688,sot
4689,tsn
4690,tso
4691,tso
4692,xho
4693,nbl
4694,nso
4695,tsn
4696,ven
4697,sot
4698,sot
4699,tsn
4700,ven
4701,ssw
4702,afr
4703,ssw
4704,tsn
4705,zul
4706,tso
4707,xho
4708,ven
4709,sot
4710,tsn
4711,nbl
4712,afr
4713,xho
4714,nso
4715,afr
4716,afr
4717,xho
4718,nso
4719,tso
4720,xho
4721,nbl
4722,afr
4723,nso
4724,tsn
4725,xho
4726,sot
4727,xho
4728,zul
4729,tsn
4730,tsn
4731,eng
4732,nso
4733,xho
4734,nso
4735,eng
4736,xho
4737,xho
4738,tso
4739,tsn
4740,nbl
4741,tso
4742,nso
4743,nso
4744,sot
4745,xho
4746,ssw
4747,tsn
4748,xho
4749,nso
4750,afr
4751,xho
4752,afr
4753,zul
4754,sot
4755,nso
4756,nso
4757,afr
4758,nso
4759,tsn
4760,zul
4761,sot
4762,nso
4763,tsn
4764,tsn
4765,tsn
4766,tsn
4767,nso
4768,sot
4769,ven
4770,sot
4771,ven
4772,eng
4773,xho
4774,sot
4775,ssw
4776,eng
4777,nso
4778,nso
4779,sot
4780,nbl
4781,nbl
4782,nso
4783,ven
4784,tso
4785,afr
4786,afr
4787,tso
4788,xho
4789,ven
4790,afr
4791,nso
4792,zul
4793,afr
4794,nbl
4795,afr
4796,nso
4797,ven
4798,ven
4799,tso
4800,nso
4801,afr
4802,xho
4803,nso
4804,tso
4805,eng
4806,zul
4807,eng
4808,ven
4809,nso
4810,eng
4811,afr
4812,eng
4813,xho
4814,xho
4815,nbl
4816,nso
4817,tso
4818,ven
4819,tso
4820,tsn
4821,xho
4822,nbl
4823,nso
4824,nso
4825,sot
4826,sot
4827,afr
4828,afr
4829,nbl
4830,nso
4831,ssw
4832,sot
4833,ven
4834,eng
4835,ssw
4836,sot
4837,zul
4838,tsn
4839,sot
4840,nbl
4841,xho
4842,tsn
4843,nso
4844,zul
4845,xho
4846,xho
4847,ven
4848,tso
4849,afr
4850,tso
4851,xho
4852,afr
4853,sot
4854,nso
4855,nbl
4856,nso
4857,xho
4858,nso
4859,zul
4860,ven
4861,afr
4862,afr
4863,afr
4864,ssw
4865,nso
4866,sot
4867,xho
4868,nso
4869,ssw
4870,xho
4871,afr
4872,ssw
4873,sot
4874,ven
4875,xho
4876,ven
4877,zul
4878,zul
4879,ven
4880,nbl
4881,tsn
4882,xho
4883,afr
4884,ven
4885,nbl
4886,sot
4887,tso
4888,ssw
4889,nso
4890,xho
4891,ssw
4892,zul
4893,eng
4894,nso
4895,ven
4896,zul
4897,afr
4898,nbl
4899,zul
4900,nso
4901,tso
4902,eng
4903,tsn
4904,xho
4905,afr
4906,zul
4907,tso
4908,xho
4909,sot
4910,nso
4911,tsn
4912,sot
4913,sot
4914,nso
4915,nso
4916,nso
4917,tso
4918,tsn
4919,nso
4920,nbl
4921,nso
4922,afr
4923,nbl
4924,tso
4925,tso
4926,afr
4927,afr
4928,ven
4929,ven
4930,ven
4931,ssw
4932,nbl
4933,zul
4934,ven
4935,nso
4936,ven
4937,eng
4938,ssw
4939,tsn
4940,ssw
4941,nso
4942,ven
4943,nso
4944,ssw
4945,eng
4946,xho
4947,tso
4948,tsn
4949,tso
4950,afr
4951,xho
4952,eng
4953,afr
4954,nso
4955,ssw
4956,nso
4957,tso
4958,nso
4959,tsn
4960,xho
4961,eng
4962,nso
4963,ssw
4964,nso
4965,afr
4966,sot
4967,tsn
4968,nbl
4969,zul
4970,sot
4971,nso
4972,nso
4973,nso
4974,ssw
4975,eng
4976,afr
4977,tso
4978,tso
4979,ven
4980,tsn
4981,zul
4982,eng
4983,afr
4984,tso
4985,nso
4986,afr
4987,nso
4988,ven
4989,afr
4990,ven
4991,afr
4992,nso
4993,nso
4994,xho
4995,tsn
4996,afr
4997,tsn
4998,nso
4999,tsn
5000,afr
5001,eng
5002,sot
5003,ven
5004,tsn
5005,sot
5006,afr
5007,sot
5008,ssw
5009,afr
5010,ven
5011,ven
5012,xho
5013,sot
5014,ven
5015,nso
5016,tso
5017,sot
5018,zul
5019,ssw
5020,xho
5021,nso
5022,xho
5023,zul
5024,tso
5025,zul
5026,tso
5027,zul
5028,nso
5029,eng
5030,xho
5031,sot
5032,ven
5033,sot
5034,afr
5035,afr
5036,nbl
5037,xho
5038,xho
5039,eng
5040,ssw
5041,tso
5042,ssw
5043,afr
5044,sot
5045,afr
5046,nso
5047,ssw
5048,tso
5049,tsn
5050,eng
5051,sot
5052,nbl
5053,sot
5054,sot
5055,tso
5056,ven
5057,zul
5058,afr
5059,xho
5060,zul
5061,afr
5062,sot
5063,zul
5064,tsn
5065,zul
5066,nbl
5067,ven
5068,sot
5069,ssw
5070,tsn
5071,nso
5072,afr
5073,zul
5074,ven
5075,ssw
5076,nso
5077,afr
5078,eng
5079,afr
5080,ven
5081,zul
5082,zul
5083,nbl
5084,ssw
5085,ven
5086,tso
5087,tsn
5088,sot
5089,xho
5090,nbl
5091,ven
5092,xho
5093,afr
5094,ssw
5095,sot
5096,afr
5097,eng
5098,ven
5099,ven
5100,afr
5101,tsn
5102,afr
5103,tsn
5104,tsn
5105,tsn
5106,afr
5107,sot
5108,sot
5109,ven
5110,nso
5111,nso
5112,nbl
5113,nso
5114,sot
5115,afr
5116,nbl
5117,sot
5118,xho
5119,nso
5120,afr
5121,sot
5122,ven
5123,ssw
5124,sot
5125,nso
5126,afr
5127,afr
5128,zul
5129,ssw
5130,ven
5131,xho
5132,afr
5133,nso
5134,ssw
5135,tso
5136,nbl
5137,nso
5138,tsn
5139,tsn
5140,xho
5141,tso
5142,ssw
5143,xho
5144,eng
5145,tsn
5146,tso
5147,afr
5148,nso
5149,ven
5150,xho
5151,tsn
5152,afr
5153,nso
5154,nso
5155,tso
5156,nbl
5157,sot
5158,sot
5159,ssw
5160,eng
5161,ssw
5162,nso
5163,tsn
5164,sot
5165,ven
5166,afr
5167,nso
5168,tso
5169,xho
5170,nso
5171,tsn
5172,nso
5173,zul
5174,nbl
5175,zul
5176,tso
5177,tso
5178,sot
5179,ven
5180,sot
5181,nbl
5182,tso
5183,afr
5184,afr
5185,sot
5186,sot
5187,sot
5188,sot
5189,nso
5190,zul
5191,nso
5192,zul
5193,ssw
5194,xho
5195,xho
5196,eng
5197,ven
5198,eng
5199,nbl
5200,sot
5201,ven
5202,nbl
5203,nso
5204,nbl
5205,afr
5206,afr
5207,afr
5208,tsn
5209,nbl
5210,tso
5211,ven
5212,nso
5213,tso
5214,ven
5215,sot
5216,nso
5217,xho
5218,afr
5219,afr
5220,ven
5221,zul
5222,xho
5223,tsn
5224,ven
5225,tso
5226,nbl
5227,afr
5228,nso
5229,nso
5230,xho
5231,afr
5232,tso
5233,sot
5234,sot
5235,tso
5236,nso
5237,tsn
5238,sot
5239,ven
5240,nso
5241,tso
5242,nso
5243,ven
5244,tsn
5245,tso
5246,nbl
5247,nso
5248,xho
5249,nso
5250,xho
5251,ssw
5252,ssw
5253,tso
5254,afr
5255,tsn
5256,ven
5257,nbl
5258,sot
5259,nso
5260,zul
5261,nso
5262,afr
5263,tso
5264,tsn
5265,tso
5266,nso
5267,tsn
5268,ven
5269,ven
5270,tsn
5271,ven
5272,sot
5273,eng
5274,ssw
5275,sot
5276,tso
5277,tsn
5278,afr
5279,ven
5280,sot
5281,afr
5282,zul
5283,ssw
5284,nbl
5285,nso
5286,tsn
5287,sot
5288,tsn
5289,nso
5290,tso
5291,nso
5292,xho
5293,sot
5294,tso
5295,ven
5296,xho
5297,tsn
5298,tso
5299,nso
5300,afr
5301,tso
5302,ssw
5303,ssw
5304,ssw
5305,tso
5306,xho
5307,afr
5308,afr
5309,nso
5310,nso
5311,sot
5312,xho
5313,tso
5314,xho
5315,nbl
5316,zul
5317,afr
5318,xho
5319,sot
5320,sot
5321,ven
5322,xho
5323,eng
5324,eng
5325,afr
5326,ven
5327,tsn
5328,afr
5329,tsn
5330,ven
5331,xho
5332,nbl
5333,tsn
5334,xho
5335,nbl
5336,sot
5337,nso
5338,afr
5339,ven
5340,xho
5341,tso
5342,tso
5343,xho
5344,ven
5345,sot
5346,ven
5347,ssw
5348,afr
5349,xho
5350,ven
5351,ven
5352,xho
5353,sot
5354,sot
5355,ssw
5356,nso
5357,xho
5358,nbl
5359,zul
5360,afr
5361,afr
5362,nso
5363,xho
5364,nbl
5365,nso
5366,nbl
5367,sot
5368,zul
5369,ven
5370,nso
5371,afr
5372,ven
5373,afr
5374,tso
5375,ven
5376,tsn
5377,nso
5378,xho
5379,tso
5380,eng
5381,sot
5382,nso
5383,tsn
5384,eng
5385,ven
5386,nbl
5387,nso
5388,afr
5389,tsn
5390,ssw
5391,ven
5392,tso
5393,sot
5394,sot
5395,tsn
5396,sot
5397,tso
5398,nso
5399,ven
5400,tsn
5401,sot
5402,tso
5403,sot
5404,nso
5405,tsn
5406,afr
5407,nbl
5408,ven
5409,xho
5410,tsn
5411,xho
5412,sot
5413,eng
5414,ven
5415,tsn
5416,ven
5417,ven
5418,ssw
5419,ssw
5420,afr
5421,tso
5422,nso
5423,nso
5424,tsn
5425,tsn
5426,sot
5427,afr
5428,tsn
5429,tso
5430,nso
5431,nso
5432,tso
5433,tso
5434,nso
5435,zul
5436,afr
5437,afr
5438,eng
5439,xho
5440,ven
5441,zul
5442,sot
5443,ven
5444,ssw
5445,tso
5446,sot
5447,afr
5448,afr
5449,sot
5450,tsn
5451,tso
5452,ssw
5453,tso
5454,zul
5455,nso
5456,tsn
5457,afr
5458,tso
5459,ven
5460,nso
5461,tsn
5462,afr
5463,ven
5464,nso
5465,xho
5466,tso
5467,ven
5468,nso
5469,xho
5470,ven
5471,sot
5472,tsn
5473,ven
5474,tsn
5475,nso
5476,sot
5477,zul
5478,xho
5479,tsn
5480,tso
5481,nso
5482,nso
5483,nso
5484,sot
5485,afr
5486,eng
5487,zul
5488,ssw
5489,tso
5490,eng
5491,tsn
5492,nbl
5493,sot
5494,tsn
5495,ven
5496,nso
5497,ven
5498,tsn
5499,ven
5500,tso
5501,tsn
5502,sot
5503,sot
5504,tsn
5505,eng
5506,tso
5507,tsn
5508,tsn
5509,nso
5510,afr
5511,sot
5512,afr
5513,eng
5514,sot
5515,nso
5516,zul
5517,ssw
5518,nso
5519,xho
5520,tso
5521,ven
5522,tsn
5523,zul
5524,xho
5525,ssw
5526,afr
5527,ven
5528,nso
5529,ven
5530,sot
5531,xho
5532,sot
5533,nso
5534,tsn
5535,nbl
5536,afr
5537,xho
5538,ven
5539,sot
5540,tso
5541,nbl
5542,ven
5543,afr
5544,xho
5545,tsn
5546,nso
5547,ven
5548,sot
5549,xho
5550,xho
5551,afr
5552,nso
5553,nso
5554,afr
5555,ssw
5556,ven
5557,xho
5558,tsn
5559,sot
5560,nbl
5561,sot
5562,tsn
5563,nso
5564,nso
5565,afr
5566,afr
5567,nso
5568,nso
5569,tso
5570,zul
5571,ven
5572,tso
5573,ven
5574,ven
5575,sot
5576,nso
5577,ven
5578,tso
5579,eng
5580,ven
5581,sot
5582,tsn
5583,ssw
5584,ven
5585,zul
5586,zul
5587,sot
5588,nbl
5589,ssw
5590,nso
5591,tso
5592,tsn
5593,nso
5594,tsn
5595,tsn
5596,tsn
5597,afr
5598,tsn
5599,nbl
5600,nso
5601,xho
5602,tso
5603,nso
5604,tso
5605,sot
5606,ven
5607,zul
5608,tsn
5609,sot
5610,xho
5611,nso
5612,afr
5613,tsn
5614,afr
5615,nso
5616,zul
5617,ssw
5618,ven
5619,tso
5620,ven
5621,afr
5622,tsn
5623,afr
5624,ssw
5625,sot
5626,tsn
5627,xho
5628,afr
5629,tsn
5630,afr
5631,tsn
5632,sot
5633,ssw
5634,nso
5635,xho
5636,tso
5637,zul
5638,zul
5639,ssw
5640,zul
5641,tsn
5642,tsn
5643,nso
5644,xho
5645,tso
5646,afr
5647,tso
5648,tsn
5649,ssw
5650,nso
5651,tso
5652,tsn
5653,tsn
5654,nbl
5655,sot
5656,nso
5657,nso
5658,ven
5659,nso
5660,zul
5661,ven
5662,ven
5663,xho
5664,ssw
5665,afr
5666,ven
5667,afr
5668,ssw
5669,xho
5670,nbl
5671,nbl
5672,eng
5673,sot
5674,afr
5675,ven
5676,nso
5677,ven
5678,nso
5679,eng
5680,nso
5681,sot
5682,sot
5683,nbl
